key,alias,moment,subject,text,score,isRecommended
review-01,L,2025-03-11 16:58:12,testing subject,test test testing text,5.8,True
review-02,Lorem ipsum dolor sit amet consectetur adipiscinga,2025-03-11 16:58:12,testing subject,test test testing text,5.8,True
review-03,Lo,2025-03-11 16:58:12,testing subject,test test testing text,5.8,True
review-04,Lorem ipsum dolor sit amet consectetur adipiscing,2025-03-11 16:58:12,testing subject,test test testing text,5.8,True
review-05,Lorem ipsum dolor sit,2025-03-11 16:58:12,testing subject,test test testing text,5.8,True
review-06,โลเร็ม อิปซัม,2025-03-11 16:58:12,testing subject,test test testing text,5.8,True
review-07,لوريم إيبسوم,2025-03-11 16:58:12,testing subject,test test testing text,5.8,true
review-08,洛伦·伊普森,2025-03-11 16:58:12,testing subject,test test testing text,5.8,true
review-09,<marquee>Hacked</marquee>,2025-03-11 16:58:12,testing subject,test test testing text,5.8,true
review-10,<script>alert(‘Hacked!’);</script>,2025-03-11 16:58:12,testing subject,test test testing text,5.8,true
review-11,' or 'A' = 'A,2025-03-11 16:58:12,testing subject,test test testing text,5.8,true
review-12,Esto es un alias de prueba,2025-03-11 16:58:12,testing subject,test test testing text,5.8,True
review-13,Lorem ipsum dolor sit,2000-01-01 00:00:00,testing subject,test test testing text,5.8,True
review-14,Lorem ipsum dolor sit,2025-01-01 00:00:00,testing subject,test test testing text,5.8,True
review-15,Lorem ipsum dolor sit,2000-01-01 00:00:01,testing subject,test test testing text,5.8,True
review-16,Lorem ipsum dolor sit,2024-12-31 23:59:59,testing subject,test test testing text,5.8,True
review-17,Lorem ipsum dolor sit,2014-07-17 14:39:27,testing subject,test test testing text,5.8,True
review-18,Lorem ipsum dolor sit,2025-03-11 16:58:12,L,test test testing text,5.8,True
review-19,Lorem ipsum dolor sit,2025-03-11 16:58:12,Lorem ipsum dolor sit amet consectetur adipiscinga,test test testing text,5.8,True
review-20,Lorem ipsum dolor sit,2025-03-11 16:58:12,Lo,test test testing text,5.8,True
review-21,Lorem ipsum dolor sit,2025-03-11 16:58:12,Lorem ipsum dolor sit amet consectetur adipiscing,test test testing text,5.8,True
review-22,Lorem ipsum dolor sit,2025-03-11 16:58:12,Lorem ipsum dolor sit,test test testing text,5.8,True
review-23,Lorem ipsum dolor sit,2025-03-11 16:58:12,โลเร็ม อิปซัม,test test testing text,5.8,True
review-24,Lorem ipsum dolor sit,2025-03-11 16:58:12,لوريم إيبسوم,test test testing text,5.8,True
review-25,Lorem ipsum dolor sit,2025-03-11 16:58:12,洛伦·伊普森,test test testing text,5.8,True
review-26,Lorem ipsum dolor sit,2025-03-11 16:58:12,<marquee>Hacked</marquee>,test test testing text,5.8,True
review-27,Lorem ipsum dolor sit,2025-03-11 16:58:12,<script>alert(‘Hacked!’);</script>,test test testing text,5.8,True
review-28,Lorem ipsum dolor sit,2025-03-11 16:58:12,' or 'A' = 'A,test test testing text,5.8,True
review-29,Lorem ipsum dolor sit,2025-03-11 16:58:12,Esto es un asunto de prueba,test test testing text,5.8,True
review-30,Lorem ipsum dolor sit,2025-03-11 16:58:12,testing subject,L,5.8,True
review-31,Lorem ipsum dolor sit,2025-03-11 16:58:12,testing subject,Lorem ipsum dolor sit amet consectetur adipiscinga,5.8,True
review-32,Lorem ipsum dolor sit,2025-03-11 16:58:12,testing subject,Lo,5.8,True
review-33,Lorem ipsum dolor sit,2025-03-11 16:58:12,testing subject,Lorem ipsum dolor sit amet consectetur adipiscing,5.8,True
review-34,Lorem ipsum dolor sit,2025-03-11 16:58:12,testing subject,Lorem ipsum dolor sit,5.8,True
review-35,Lorem ipsum dolor sit,2025-03-11 16:58:12,testing subject,โลเร็ม อิปซัม,5.8,True
review-36,Lorem ipsum dolor sit,2025-03-11 16:58:12,testing subject,لوريم إيبسوم,5.8,True
review-37,Lorem ipsum dolor sit,2025-03-11 16:58:12,testing subject,洛伦·伊普森,5.8,True
review-38,Lorem ipsum dolor sit,2025-03-11 16:58:12,testing subject,<marquee>Hacked</marquee>,5.8,True
review-39,Lorem ipsum dolor sit,2025-03-11 16:58:12,testing subject,<script>alert(‘Hacked!’);</script>,5.8,True
review-40,Lorem ipsum dolor sit,2025-03-11 16:58:12,testing subject,' or 'A' = 'A,5.8,True
review-41,Lorem ipsum dolor sit,2025-03-11 16:58:12,testing subject,Esto es una descripcion de prueba,5.8,True
review-42,Lorem ipsum dolor sit,2025-03-11 16:58:12,testing subject,test test testing text,0.00,True
review-43,Lorem ipsum dolor sit,2025-03-11 16:58:12,testing subject,test test testing text,10.00,True
review-44,Lorem ipsum dolor sit,2025-03-11 16:58:12,testing subject,test test testing text,0.01,True
review-45,Lorem ipsum dolor sit,2025-03-11 16:58:12,testing subject,test test testing text,9.99,True
review-46,Lorem ipsum dolor sit,2025-03-11 16:58:12,testing subject,test test testing text,3.61,True
review-47,Lorem ipsum dolor sit,2025-03-11 16:58:12,testing subject,test test testing text,8.96,True

